,var1_col,var2_col,var3_col,var4_col
var1_col,0.979173429253767,-1.4372643077617806e-05,-0.032605501557978096,-0.03999991585047404
var2_col,-1.4372643077617806e-05,0.9827840788832074,0.031511279166630546,0.020246151140639546
var3_col,-0.032605501557978096,0.031511279166630546,1.0296503738991856,0.0030092202200830125
var4_col,-0.03999991585047404,0.020246151140639546,0.0030092202200830125,0.998625426173861
