,DoF,DoF Baseline,chi2,chi2 p-value,chi2 Baseline,CFI,GFI,AGFI,NFI,TLI,RMSEA,AIC,BIC,LogLik
model1,5,8,94.79261069779042,0.0,114.05999061423334,0.15337904352274967,0.16892321148445355,-0.3297228616248744,0.1689232114844535,-0.3545935303636005,0.34716997886514045,8.736098524029462,23.789274994510738,0.6319507379852695
model2,6,9,1.006539651626781e-06,1.0,114.05998078361806,1.0571102235952048,0.9999999911753479,0.9999999867630218,0.9999999911753479,1.0856653353928072,0.0,7.999999986579471,20.042541162964493,6.71026434417854e-09
model3,1,4,25.329464527999868,4.83269946727205e-07,54.39080361475088,0.517184430833766,0.5343061171258283,-0.8627755314966867,0.5343061171258283,-0.931262276664936,0.40408538309646125,9.662273806293335,24.71545027677461,0.16886309685333245
model4,5,8,73.42470323943834,1.9872992140790302e-14,114.0599805620917,0.35484899321304486,0.35626235531867745,-0.029980231490116083,0.3562623553186774,-0.032241610859128085,0.30305979483852397,9.021003956807489,24.074180427288766,0.48949802159625566
